{
    "name": "Data Retention Pipeline",
    "new_cluster": {
      "spark_version": "7.6.x-scala2.12",
      "spark_conf": {
        "fs.azure.account.key.kfkaprodsensatacloudb2c.blob.core.windows.net": "{{secrets/basesensatacloudb2ckv1/spark-blobstore-production}}"
      },
      "spark_env_vars": {
        "ENVIRONMENT": "prod"
      },
      "instance_pool_id": "0224-170907-fangs237-pool-SMXSKw43",
      "autoscale": {
        "min_workers": 2,
        "max_workers": 3
      }
    },
    "libraries": [
      {
        "maven": {
          "coordinates": "com.typesafe:config:1.4.0"
        }
      },
      {
        "maven": {
          "coordinates": "com.microsoft.azure:azure-eventhubs-spark_2.12:2.3.17"
        }
      },
      {
        "jar": "dbfs:/build/release/current/com-sensata-data_office-data-analytics-pipeline_2.12-1.0.5.1.jar"
      }
    ],
    "email_notifications": {},
    "timeout_seconds": 3600,
    "max_retries": 1,
    "min_retry_interval_millis": 0,
    "retry_on_timeout": false,
    "schedule": {
      "quartz_cron_expression": "0 0 * * * ?",
      "timezone_id": "UTC",
      "pause_status": "UNPAUSED"
    },
    "spark_jar_task": {
      "jar_uri": "",
      "main_class_name": "com.sensata.data_office.batch.StorageRetensionPipeline",
      "parameters": [
        "1",
        "20"
      ],
      "run_as_repl": true
    },
    "max_concurrent_runs": 1
}
