{
  "name": "TPMS Streaming Pipeline",
  "new_cluster": {
    "autoscale": {
      "min_workers": 3,
      "max_workers": 4
    },
    "spark_version": "7.4.x-scala2.12",
    "spark_conf": {
      "fs.azure.account.key.kfkaprodsensatacloudb2c.blob.core.windows.net": "{{secrets/basesensatacloudb2ckv1/spark-blobstore-production}}"
    },
    "ssh_public_keys": [],
    "custom_tags": {},
    "spark_env_vars": {
      "PYSPARK_PYTHON": "/databricks/python3/bin/python3",
      "ENVIRONMENT": "prod",
      "ALERT_EVENT_DELTA_HRS": "16"
    },
    "cluster_source": "JOB",
    "init_scripts": [],
    "instance_pool_id": "0224-170907-fangs237-pool-SMXSKw43"
  },
  "libraries": [
    {
      "jar": "dbfs:/build/release/current/com-sensata-data_office-data-analytics-pipeline_2.12-1.0.5.1.jar"
    },
    {
      "maven": {
        "coordinates": "com.typesafe:config:1.4.0"
      }
    },
    {
      "maven": {
        "coordinates": "com.microsoft.azure:azure-eventhubs-spark_2.12:2.3.17"
      }
    },
    {
      "maven": {
        "coordinates": "org.apache.spark:spark-avro_2.12:3.0.1"
      }
    },
    {
      "maven": {
        "coordinates": "com.sksamuel.avro4s:avro4s-core_2.12:4.0.0"
      }
    },
    {
      "maven": {
        "coordinates":  "com.github.andyglow:scala-jsonschema_2.12:0.4.0"
      }
    }
  ],
  "spark_jar_task": {
    "main_class_name": "com.sensata.data_office.pipeline.StreamingPipeline"
  }
}