{
  "name": "DashBoardDataLoader Pipeline",
  "new_cluster": {
  "autoscale": {
    "min_workers": 3,
    "max_workers": 5
  },
  "spark_version": "7.4.x-scala2.12",
  "spark_conf": {
    "fs.azure.account.key.kfkaprodsensatacloudb2c.blob.core.windows.net": "{{secrets/basesensatacloudb2ckv1/spark-blobstore-production}}"
  },
  "ssh_public_keys": [],
  "custom_tags": {},
  "spark_env_vars": {
    "PYSPARK_PYTHON": "/databricks/python3/bin/python3",
    "ENVIRONMENT": "prod"
  },
  "cluster_source": "JOB",
  "init_scripts": [],
  "instance_pool_id": "1222-110955-snaps840-pool-SW5D18Sa"
},
  "libraries": [
    {
      "jar": "dbfs:/build/release/current/com-sensata-data_office-data-analytics-pipeline_2.12-1.0.1.jar"
    },
    {
      "maven": {
        "coordinates": "com.typesafe:config:1.4.0"
      }
    },
    {
      "maven": {
        "coordinates": "com.microsoft.azure:azure-eventhubs-spark_2.12:2.3.17"
      }
    }
  ],
  "timeout_seconds": 3600,
  "max_retries": 1,
  "schedule": {
    "quartz_cron_expression": "0 0 * * * ?",
    "timezone_id": "UTC"
  },
  "spark_jar_task": {
    "main_class_name": "com.sensata.data_office.batch.DashBoardDataPipeline",
    "parameters":[0]
  }
}